passenger_class,count,mean,std,min,25%,50%,75%,max
1,80.0,42.55,13.838947058797592,2.0,36.75,38.5,51.25,71.0
2,97.0,33.855670103092784,11.757080925554368,16.0,25.0,32.0,38.0,70.0
3,372.0,29.6747311827957,11.673413300944091,1.0,21.0,31.0,38.0,74.0
