count,549.0
mean,32.2896174863388
std,12.82667661097813
min,1.0
25%,23.0
50%,34.0
75%,38.0
max,74.0
