passenger_class,count,mean,std,min,25%,50%,75%,max
1,136.0,35.63235294117647,13.070072585323347,0.0,26.0,36.0,43.25,80.0
2,87.0,26.42528735632184,14.756655718619363,0.0,18.0,28.0,36.0,62.0
3,119.0,25.58823529411765,12.854077876139634,0.0,18.0,27.0,38.0,63.0
