count,342.0
mean,29.795321637426902
std,14.226248149336842
min,0.0
25%,21.0
50%,31.0
75%,38.0
max,80.0
