age_category,count,mean,std,min,25%,50%,75%,max
Adolescente,70.0,16.571428571428573,1.4503515672887937,13.0,16.0,17.0,18.0,18.0
Adulto,752.0,35.150265957446805,10.59746596515261,19.0,27.0,36.0,38.0,80.0
Criança,69.0,4.695652173913044,3.486547035417567,0.0,2.0,4.0,8.0,12.0
