age_category,count,mean,std,min,25%,50%,75%,max
Adolescente,70.0,16.57857142857143,1.4386882972218642,13.0,16.0,17.0,18.0,18.0
Adulto,752.0,35.21651467055594,10.613821418618652,19.0,27.0,36.0,38.233440860215055,80.0
Criança,69.0,4.770579710144927,3.390390348885739,0.42,2.0,4.0,8.0,12.0
