age_category,passenger_class,count,mean,std,min,25%,50%,75%,max
Adolescente,1,12.0,16.666666666666668,1.3026778945578592,14.0,16.0,17.0,18.0,18.0
Adolescente,2,12.0,16.75,1.712255291076124,13.0,16.0,17.5,18.0,18.0
Adolescente,3,46.0,16.5,1.4414498873626436,13.0,16.0,17.0,18.0,18.0
Adulto,1,200.0,40.165,12.189367431985952,19.0,31.75,38.0,48.0,80.0
Adulto,2,155.0,34.354838709677416,10.594498655412195,19.0,27.0,32.0,39.0,70.0
Adulto,3,397.0,32.9345088161209,8.7634884821523,19.0,25.0,36.0,38.0,74.0
Criança,1,4.0,4.25,4.7871355387816905,0.0,1.5,3.0,5.75,11.0
Criança,2,17.0,3.3529411764705883,2.6912166502947192,0.0,1.0,3.0,5.0,8.0
Criança,3,48.0,5.208333333333333,3.5667395763741654,0.0,2.0,4.0,9.0,12.0
