age_category,passenger_class,count,mean,std,min,25%,50%,75%,max
Adolescente,1,12.0,16.666666666666668,1.3026778945578592,14.0,16.0,17.0,18.0,18.0
Adolescente,2,12.0,16.75,1.712255291076124,13.0,16.0,17.5,18.0,18.0
Adolescente,3,46.0,16.51086956521739,1.423958217375397,13.0,16.0,17.0,18.0,18.0
Adulto,1,170.0,40.55,13.191090995698755,19.0,30.0,39.0,50.0,80.0
Adulto,2,144.0,34.08680555555556,10.943805902256427,19.0,25.75,31.5,40.0,70.0
Adulto,3,261.0,30.31992337164751,9.841149166493842,19.0,22.0,28.0,35.0,74.0
Criança,1,4.0,4.48,4.530077262034281,0.92,1.73,3.0,5.75,11.0
Criança,2,17.0,3.4899999999999998,2.5219659989777816,0.67,1.0,3.0,5.0,8.0
Criança,3,48.0,5.248333333333334,3.510292667275633,0.42,2.0,4.0,9.0,12.0
