age_category,passenger_class,count,mean,std,min,25%,50%,75%,max
Adolescente,1,12.0,16.666666666666668,1.3026778945578592,14.0,16.0,17.0,18.0,18.0
Adolescente,2,12.0,16.75,1.712255291076124,13.0,16.0,17.5,18.0,18.0
Adolescente,3,46.0,16.51086956521739,1.423958217375397,13.0,16.0,17.0,18.0,18.0
Adulto,1,200.0,40.20251612903226,12.184442955973504,19.0,31.75,38.233440860215055,48.0,80.0
Adulto,2,155.0,34.3810828997572,10.599676082201874,19.0,27.0,32.5,39.0,70.0
Adulto,3,397.0,33.030851277051006,8.81627325913373,19.0,25.0,36.0,38.233440860215055,74.0
Criança,1,4.0,4.48,4.530077262034281,0.92,1.73,3.0,5.75,11.0
Criança,2,17.0,3.4899999999999998,2.5219659989777816,0.67,1.0,3.0,5.0,8.0
Criança,3,48.0,5.248333333333334,3.510292667275633,0.42,2.0,4.0,9.0,12.0
